-- Populate the DEPARTMENT table
INSERT INTO DEPARTMENT (dept_id, dept_name, building) VALUES
  ('CSCI', 'Computer Science', 'Science Building'),
  ('MATH', 'Mathematics', 'Math Building'),
  ('PHYS', 'Physics', 'Physics Building'),
  ('CHEM', 'Chemistry', 'Chemistry Building'),
  ('BIO', 'Biology', 'Biology Building'),
  ('HIST', 'History', 'Humanities Building'),
  ('ENG', 'English', 'Language Building'),
  ('PSYCH', 'Psychology', 'Psychology Building'),
  ('ART', 'Art', 'Art Building'),
  ('BUS', 'Business', 'Business School'),
  ('ECON', 'Economics', 'Economics Building'),
  ('SOC', 'Sociology', 'Sociology Building'),
  ('COMM', 'Communication', 'Communication Center'),
  ('PHIL', 'Philosophy', 'Philosophy Building'),
  ('CHE', 'Chemical Engineering', 'Engineering Building'),
  ('MECH', 'Mechanical Engineering', 'Engineering Building'),
  ('ECE', 'Electrical and Computer Engineering', 'Engineering Building'),
  ('BIOCHEM', 'Biochemistry', 'Science Building'),
  ('GEOG', 'Geography', 'Geography Building'),
  ('ANTHRO', 'Anthropology', 'Social Sciences Building'),
  ('MUSIC', 'Music', 'Music Hall');

-- Populate the COURSE table
INSERT INTO COURSE (course_id, course_title, dept_id, credits) VALUES
  ('CSCI101', 'Introduction to Computer Science', 'CSCI', 3),
  ('CSCI201', 'Data Structures', 'CSCI', 4),
  ('CSCI301', 'Algorithms', 'CSCI', 4),
  ('CSCI401', 'Database Management', 'CSCI', 4),
  ('MATH101', 'Calculus I', 'MATH', 4),
  ('MATH202', 'Linear Algebra', 'MATH', 3),
  ('MATH301', 'Differential Equations', 'MATH', 4),
  ('MATH401', 'Advanced Calculus', 'MATH', 4),
  ('PHYS101', 'Physics I', 'PHYS', 4),
  ('PHYS202', 'Physics II', 'PHYS', 4),
  ('CHEM101', 'General Chemistry', 'CHEM', 4),
  ('CHEM201', 'Organic Chemistry', 'CHEM', 4),
  ('BIO101', 'Introduction to Biology', 'BIO', 3),
  ('BIO201', 'Genetics', 'BIO', 3),
  ('HIST101', 'World History', 'HIST', 3),
  ('HIST201', 'American History', 'HIST', 3),
  ('ENG101', 'English Composition', 'ENG', 3),
  ('ENG202', 'World Literature', 'ENG', 3),
  ('PSYCH101', 'Introduction to Psychology', 'PSYCH', 3),
  ('PSYCH201', 'Abnormal Psychology', 'PSYCH', 3),
  ('ART101', 'Introduction to Art', 'ART', 3),
  ('BUS101', 'Introduction to Business', 'BUS', 3),
  ('ECON101', 'Principles of Economics', 'ECON', 3),
  ('ECON201', 'Microeconomics', 'ECON', 3),
  ('SOC101', 'Introduction to Sociology', 'SOC', 3),
  ('SOC201', 'Social Issues', 'SOC', 3),
  ('COMM101', 'Communication Fundamentals', 'COMM', 3),
  ('PHIL101', 'Philosophy in Life', 'PHIL', 3),
  ('CHE201', 'Chemical Engineering Thermodynamics', 'CHE', 4),
  ('MECH301', 'Mechanics of Materials', 'MECH', 4),
  ('ECE202', 'Digital Electronics', 'ECE', 3),
  ('BIOCHEM201', 'Biochemistry Basics', 'BIOCHEM', 3),
  ('GEOG101', 'Physical Geography', 'GEOG', 3),
  ('ANTHRO101', 'Cultural Anthropology', 'ANTHRO', 3),
  ('MUSIC101', 'Introduction to Music Theory', 'MUSIC', 3),
  ('MUSIC201', 'History of Classical Music', 'MUSIC', 3);

-- Populate the INSTRUCTOR table
INSERT INTO INSTRUCTOR (instructor_id, instructor_name, dept_id) VALUES
  ('I101', 'John Smith', 'CSCI'),
  ('I102', 'Alice Johnson', 'MATH'),
  ('I103', 'David Lee', 'PHYS'),
  ('I104', 'Sarah Roberts', 'CHEM'),
  ('I105', 'James Turner', 'BIO'),
  ('I106', 'Karen Adams', 'HIST'),
  ('I107', 'Laura Wilson', 'ENG'),
  ('I108', 'Michael Brown', 'PSYCH'),
  ('I109', 'Emily Davis', 'ART'),
  ('I110', 'Thomas Evans', 'BUS'),
  ('I111', 'Nancy Taylor', 'ECON'),
  ('I112', 'Robert Clark', 'SOC'),
  ('I113', 'Amy White', 'COMM'),
  ('I114', 'Daniel Moore', 'PHIL'),
  ('I115', 'Jennifer Anderson', 'CHE'),
  ('I116', 'Mark Hall', 'MECH'),
  ('I117', 'Linda Green', 'ECE'),
  ('I118', 'Matthew Harris', 'BIOCHEM'),
  ('I119', 'Laura Scott', 'GEOG'),
  ('I120', 'David Turner', 'ANTHRO'),
  ('I121', 'William Jackson', 'MUSIC');

-- Populate the TEACHES table
INSERT INTO TEACHES (CRN, instructor_id, course_id, year_semester) VALUES
  (1, 'I101', 'CSCI101', 'Fall 2023'),
  (2, 'I102', 'MATH101', 'Fall 2023'),
  (3, 'I103', 'PHYS101', 'Fall 2023'),
  (4, 'I104', 'CHEM101', 'Fall 2023'),
  (5, 'I105', 'BIO101', 'Fall 2023'),
  (6, 'I106', 'HIST101', 'Fall 2023'),
  (7, 'I107', 'ENG101', 'Fall 2023'),
  (8, 'I108', 'PSYCH101', 'Fall 2023'),
  (9, 'I109', 'ART101', 'Fall 2023'),
  (10, 'I110', 'BUS101', 'Fall 2023'),
  (11, 'I111', 'ECON101', 'Fall 2023'),
  (12, 'I112', 'SOC101', 'Fall 2023'),
  (13, 'I113', 'COMM101', 'Fall 2023'),
  (14, 'I114', 'PHIL101', 'Fall 2023'),
  (15, 'I115', 'CHE201', 'Fall 2023'),
  (16, 'I116', 'MECH301', 'Fall 2023'),
  (17, 'I117', 'ECE202', 'Fall 2023'),
  (18, 'I118', 'BIOCHEM201', 'Fall 2023'),
  (19, 'I119', 'GEOG101', 'Fall 2023'),
  (20, 'I120', 'ANTHRO101', 'Fall 2023'),
  (21, 'I121', 'MUSIC101', 'Fall 2023');

-- Populate the STUDENT table
INSERT INTO STUDENT (student_id, student_name, dept_id, total_credits) VALUES
  ('S001', 'Emma Johnson', 'CSCI', 120),
  ('S002', 'Noah Wilson', 'MATH', 95),
  ('S003', 'Olivia Davis', 'PHYS', 80),
  ('S004', 'Liam Smith', 'CHEM', 110),
  ('S005', 'Ava Brown', 'BIO', 70),
  ('S006', 'Sophia Evans', 'HIST', 105),
  ('S007', 'Mason Taylor', 'ENG', 100),
  ('S008', 'Ethan Thomas', 'PSYCH', 70),
  ('S009', 'Isabella Jackson', 'ART', 95),
  ('S010', 'Oliver Miller', 'BUS', 105),
  ('S011', 'Charlotte Hall', 'ECON', 80),
  ('S012', 'James Adams', 'SOC', 90),
  ('S013', 'Amelia White', 'COMM', 85),
  ('S014', 'Benjamin Scott', 'PHIL', 100),
  ('S015', 'Harper Green', 'CHE', 95),
  ('S016', 'Evelyn Moore', 'MECH', 110),
  ('S017', 'Samuel Roberts', 'ECE', 75),
  ('S018', 'Sophie Turner', 'BIOCHEM', 105),
  ('S019', 'Lucas Harris', 'GEOG', 100),
  ('S020', 'Lily Clark', 'ANTHRO', 85),
  ('S021', 'Jackson Thomas', 'MUSIC', 80),
  ('S022', 'Scarlett Lewis', 'CSCI', 95),
  ('S023', 'Daniel Walker', 'MATH', 105),
  ('S024', 'Chloe Foster', 'PHYS', 110),
  ('S025', 'Matthew Parker', 'CHEM', 95);

-- Populate the TAKES table
INSERT INTO TAKES (student_id, CRN, grade) VALUES
  ('S001', 1, 'A'),
  ('S002', 2, 'B'),
  ('S003', 3, 'A'),
  ('S004', 4, 'B'),
  ('S005', 5, 'A'),
  ('S006', 6, 'C'),
  ('S007', 7, 'B'),
  ('S008', 8, 'A'),
  ('S009', 9, 'B'),
  ('S010', 10, 'A'),
  ('S011', 11, 'A'),
  ('S012', 12, 'B'),
  ('S013', 13, 'A'),
  ('S014', 14, 'A'),
  ('S015', 15, 'B'),
  ('S016', 16, 'A'),
  ('S017', 17, 'A'),
  ('S018', 18, 'B'),
  ('S019', 19, 'A'),
  ('S020', 20, 'B'),
  ('S021', 21, 'A'),
  ('S022', 1, 'A'),
  ('S023', 2, 'B'),
  ('S024', 3, 'A'),
  ('S025', 4, 'B');

